Smiles,Blk,Fgr,Fyn,Hck,Lck,Lyn,Src,Yes
N[C@@H](CCC(=O)N[C@@H](CS)C(=O)NCC(=O)O)C(=O)O,5.878501906408928e-05,0.0014564375160261989,0.014637758955359459,0.0008255686261691153,0.19535893201828003,0.0013727570185437799,0.5209875702857971,0.0004044957458972931
