Smiles,Blk,Fgr,Fyn,Hck,Lck,Lyn,Src,Yes
Br.CCCCCCCCCCc1c(C)c2ccc(N(CC)CCCC(=O)O)cc2oc1=O,0.005124540999531746,0.005585275124758482,0.014886253513395786,0.0025014635175466537,0.0005312609719112515,0.007517550606280565,0.007138914428651333,0.0038260372821241617
Br.CCCCCCc1c(C)c2ccc(N(CC)CCCC(=O)O)cc2oc1=O,0.0065764556638896465,0.006756640505045652,0.014763821847736835,0.0026484003756195307,0.0006735319620929658,0.008685899898409843,0.00620759604498744,0.0037153528537601233
C1=CC=C2C(=C1)N/C(=C(/C#N)\C3=NC(=NC=C3)NCCC4=CN=CC=C4)/S2.C(=O)(C(F)(F)F)O.C(=O)(C(F)(F)F)O,0.45950406789779663,0.028311345726251602,0.0044883484952151775,0.19030345976352692,0.002704838290810585,0.48562243580818176,0.1381569504737854,0.07220859080553055
C1C2CC3CC(C2)(CC1C3NC4=C5C=CNC5=NC=C4C(=O)N)O.Br,0.3913993239402771,0.16954779624938965,0.08729176223278046,0.04214506223797798,0.013870945200324059,0.7323390245437622,0.06149682030081749,0.13890138268470764
C=C(CN(C)C)C(=O)c1ccc(OCc2ccccc2)c(O)c1.Cl,0.015546967275440693,0.015004956163465977,0.01837594248354435,0.0008179203723557293,0.009088008664548397,0.005194535478949547,0.0008084714063443244,0.0006535807042382658
C=CCOc1ccc2cc(-c3nn(C(C)C)c4ncnc(N)c34)ccc2c1.Cl,0.00025597764761187136,0.0008165303734131157,0.001406140741892159,0.024661138653755188,0.02326999045908451,0.002895574551075697,0.8464252948760986,0.0007981832604855299
